season,season_name,sport_id,ncaa_division,ncaa_division_formatted,team_conference_name,school_id,school_name,player_id,player_jersey_num,player_full_name,player_first_name,player_last_name,player_class,player_positions,player_height_string,player_weight,player_batting_hand,player_throwing_hand,player_hometown,player_high_school,player_G,player_GS,player_url
2026,2025-26,MBA,2,II,Great Northwest,1343,Saint Martin's,11237389,5,Ethan Akagi,Ethan,Akagi,Fr.,INF,-,,RIGHT,RIGHT,"Honolulu, HI",Iolani School,1,0,https://stats.ncaa.org/players/11237389
2026,2025-26,MBA,2,II,Great Northwest,1343,Saint Martin's,11237429,16,Noah Albanese,Noah,Albanese,Jr.,OF,-,,RIGHT,RIGHT,"Kenmore, WA",Inglemoor High School,10,10,https://stats.ncaa.org/players/11237429
2026,2025-26,MBA,2,II,Great Northwest,1343,Saint Martin's,11237458,37,Dillon Andres,Dillon,Andres,Fr.,INF,-,,RIGHT,RIGHT,"Kaneohe, HI",Kamehameha Schools Kapalama,5,4,https://stats.ncaa.org/players/11237458
2026,2025-26,MBA,2,II,Great Northwest,1343,Saint Martin's,11237439,22,Alohi Arecchi,Alohi,Arecchi,Sr.,UT,-,,,,,,0,0,https://stats.ncaa.org/players/11237439
2026,2025-26,MBA,2,II,Great Northwest,1343,Saint Martin's,11237445,27,Aidan Bray,Aidan,Bray,Jr.,P,-,,RIGHT,LEFT,"Eugene, OR",South Eugene High School,1,0,https://stats.ncaa.org/players/11237445
2026,2025-26,MBA,2,II,Great Northwest,1343,Saint Martin's,11237442,24,Camden Dickey,Camden,Dickey,Fr.,OF,-,,RIGHT,RIGHT,"Poulsbo, WA",Klahowya Secondary School,0,0,https://stats.ncaa.org/players/11237442
2026,2025-26,MBA,2,II,Great Northwest,1343,Saint Martin's,11237383,2,Carson Dunn,Carson,Dunn,Jr.,OF,-,,RIGHT,RIGHT,"Roseburg, OR",Roseburg High School,10,10,https://stats.ncaa.org/players/11237383
2026,2025-26,MBA,2,II,Great Northwest,1343,Saint Martin's,11237448,29,Kingston Flores,Kingston,Flores,Fr.,P,-,,RIGHT,RIGHT,"Mililani, HI",Mililani High School,0,0,https://stats.ncaa.org/players/11237448
2026,2025-26,MBA,2,II,Great Northwest,1343,Saint Martin's,9680506,19,Luke Fulkerson,Luke,Fulkerson,So.,1B,6-4,,LEFT,LEFT,,,3,0,https://stats.ncaa.org/players/9680506
2026,2025-26,MBA,2,II,Great Northwest,1343,Saint Martin's,11237426,13,Fabian Guanio,Fabian,Guanio,Fr.,,-,,RIGHT,RIGHT,"Ewa Beach, HI",Pearl City High School,0,0,https://stats.ncaa.org/players/11237426
2026,2025-26,MBA,2,II,Great Northwest,1343,Saint Martin's,11237403,9,Julius Guanio,Julius,Guanio,Jr.,OF,-,,RIGHT,RIGHT,"Ewa Beach, HI",James Campbell High School,0,0,https://stats.ncaa.org/players/11237403
2026,2025-26,MBA,2,II,Great Northwest,1343,Saint Martin's,11237432,20,Brenden Haverlock,Brenden,Haverlock,Jr.,OF,-,,RIGHT,RIGHT,"Edmonds, WA",Edmonds-woodway High School,4,4,https://stats.ncaa.org/players/11237432
2026,2025-26,MBA,2,II,Great Northwest,1343,Saint Martin's,9692771,3,Isaac Hoag,Isaac,Hoag,Sr.,lf,-,,,,,,9,7,https://stats.ncaa.org/players/9692771
2026,2025-26,MBA,2,II,Great Northwest,1343,Saint Martin's,9680501,7,Peter Hollabaugh,Peter,Hollabaugh,Jr.,INF,-,,,,"Normandy Park, WA",John F. Kennedy Catholic,9,9,https://stats.ncaa.org/players/9680501
2026,2025-26,MBA,2,II,Great Northwest,1343,Saint Martin's,11237424,11,Bransyn Hong,Bransyn,Hong,Fr.,,-,,BOTH,RIGHT,"Kahului, HI",Kamehameha Schools Maui,11,11,https://stats.ncaa.org/players/11237424
2026,2025-26,MBA,2,II,Great Northwest,1343,Saint Martin's,11237387,4,Zion Ishikawa,Zion,Ishikawa,Fr.,OF,-,,BOTH,RIGHT,"Aiea, HI",Aiea High School,3,1,https://stats.ncaa.org/players/11237387
2026,2025-26,MBA,2,II,Great Northwest,1343,Saint Martin's,11237454,32,Zak Komeji,Zak,Komeji,Fr.,C,-,,RIGHT,RIGHT,,,0,0,https://stats.ncaa.org/players/11237454
2026,2025-26,MBA,2,II,Great Northwest,1343,Saint Martin's,9677491,15,Justin Lulay,Justin,Lulay,Fr.,INF,5-9,,RIGHT,RIGHT,,,0,0,https://stats.ncaa.org/players/9677491
2026,2025-26,MBA,2,II,Great Northwest,1343,Saint Martin's,11237465,50,Kole Maeda,Kole,Maeda,Fr.,P,-,,RIGHT,RIGHT,"Mililani, HI",Mililani High School,0,0,https://stats.ncaa.org/players/11237465
2026,2025-26,MBA,2,II,Great Northwest,1343,Saint Martin's,9682726,0,Rylen Miyasaki,Rylen,Miyasaki,Jr.,UT,-,,,,"Honolulu, HI",Iolani School,3,1,https://stats.ncaa.org/players/9682726
2026,2025-26,MBA,2,II,Great Northwest,1343,Saint Martin's,9691873,28,Bryson Nakamoto,Bryson,Nakamoto,Jr.,C,-,,,,"Wailuku, HI",,5,0,https://stats.ncaa.org/players/9691873
2026,2025-26,MBA,2,II,Great Northwest,1343,Saint Martin's,9698525,17,Evan Nicol,Evan,Nicol,Jr.,1B,6-5,,,,"Olympia, WA",,11,10,https://stats.ncaa.org/players/9698525
2026,2025-26,MBA,2,II,Great Northwest,1343,Saint Martin's,11237398,8,Hudson Normand,Hudson,Normand,So.,P,-,,LEFT,RIGHT,"Happy Valley, OR",Clackamas High School,3,3,https://stats.ncaa.org/players/11237398
2026,2025-26,MBA,2,II,Great Northwest,1343,Saint Martin's,9683638,33,Luke Petrie,Luke,Petrie,Jr.,P,6-3,,RIGHT,RIGHT,,,3,0,https://stats.ncaa.org/players/9683638
2026,2025-26,MBA,2,II,Great Northwest,1343,Saint Martin's,9692216,23,EJ Ramones,EJ,Ramones,So.,INF,5-8,,RIGHT,RIGHT,,,1,0,https://stats.ncaa.org/players/9692216
2026,2025-26,MBA,2,II,Great Northwest,1343,Saint Martin's,11237456,36,Ryden Sasaki,Ryden,Sasaki,Fr.,C,-,,BOTH,RIGHT,"Mililani, HI",Leilehua High School,0,0,https://stats.ncaa.org/players/11237456
2026,2025-26,MBA,2,II,Great Northwest,1343,Saint Martin's,9678690,14,Kyle Schabot,Kyle,Schabot,Sr.,3B,-,,,,,,10,8,https://stats.ncaa.org/players/9678690
2026,2025-26,MBA,2,II,Great Northwest,1343,Saint Martin's,9696684,48,Caiden Schultz,Caiden,Schultz,Fr.,P,6-2,,RIGHT,RIGHT,,,4,0,https://stats.ncaa.org/players/9696684
2026,2025-26,MBA,2,II,Great Northwest,1343,Saint Martin's,9683604,21,Nikki Scott,Nikki,Scott,Sr.,P,-,,,,,,3,3,https://stats.ncaa.org/players/9683604
2026,2025-26,MBA,2,II,Great Northwest,1343,Saint Martin's,9701245,35,Spencer Siegel,Spencer,Siegel,Sr.,OF,6-3,,RIGHT,RIGHT,"Portland, OR",,1,0,https://stats.ncaa.org/players/9701245
2026,2025-26,MBA,2,II,Great Northwest,1343,Saint Martin's,9695034,12,Zen Staszkow,Zen,Staszkow,Sr.,UT,-,,,,,,10,10,https://stats.ncaa.org/players/9695034
2026,2025-26,MBA,2,II,Great Northwest,1343,Saint Martin's,9683914,18,Kelton Tom,Kelton,Tom,Sr.,C,-,,,,,,5,4,https://stats.ncaa.org/players/9683914
2026,2025-26,MBA,2,II,Great Northwest,1343,Saint Martin's,11237391,6,Jackson Upton,Jackson,Upton,Jr.,C,-,,RIGHT,RIGHT,"Vancouver, WA",Prairie High School,6,6,https://stats.ncaa.org/players/11237391
2026,2025-26,MBA,2,II,Great Northwest,1343,Saint Martin's,9691096,44,Raige Velez,Raige,Velez,Jr.,P,5-11,,RIGHT,RIGHT,"Pukalani, HI",,0,0,https://stats.ncaa.org/players/9691096
2026,2025-26,MBA,2,II,Great Northwest,1343,Saint Martin's,9704669,34,Ethan Villa,Ethan,Villa,So.,INF,5-10,,RIGHT,RIGHT,,,0,0,https://stats.ncaa.org/players/9704669
2026,2025-26,MBA,2,II,Great Northwest,1343,Saint Martin's,11237451,31,Dylan Wallace,Dylan,Wallace,Fr.,P,-,,RIGHT,LEFT,"Port Moody, Canada",Unknown School,0,0,https://stats.ncaa.org/players/11237451
2026,2025-26,MBA,2,II,Great Northwest,1343,Saint Martin's,11237418,10,Kip Watanabe,Kip,Watanabe,Fr.,P,-,,RIGHT,RIGHT,"Wailuku, HI",H P Baldwin High School,2,0,https://stats.ncaa.org/players/11237418
2026,2025-26,MBA,2,II,Great Northwest,1343,Saint Martin's,9679407,30,Blaze Wong,Blaze,Wong,Sr.,P,-,,,,,,3,3,https://stats.ncaa.org/players/9679407
2026,2025-26,MBA,2,II,Great Northwest,1343,Saint Martin's,9691760,1,Cole Yonamine,Cole,Yonamine,So.,c,-,,,,,,6,5,https://stats.ncaa.org/players/9691760
2026,2025-26,MBA,2,II,Great Northwest,1343,Saint Martin's,9701451,26,Tyler Young,Tyler,Young,Jr.,P,-,,,LEFT,"Aiea, HI",,0,0,https://stats.ncaa.org/players/9701451
