season,season_name,sport_id,ncaa_division,ncaa_division_formatted,team_conference_name,school_id,school_name,player_id,player_jersey_num,player_full_name,player_first_name,player_last_name,player_class,player_positions,player_height_string,player_weight,player_batting_hand,player_throwing_hand,player_hometown,player_high_school,player_G,player_GS,player_url
2015,2014-15,MBA,3,III,United East,9500,SUNY Poly,4551747,24,Phillip Mascitelli,Phillip,Mascitelli,---,P,,,,,,,0,0,https://stats.ncaa.org/players/4551747
2015,2014-15,MBA,3,III,United East,9500,SUNY Poly,4663256,7,Anthony Ragosta,Anthony,Ragosta,Sr.,C,,,,,,,12,11,https://stats.ncaa.org/players/4663256
2015,2014-15,MBA,3,III,United East,9500,SUNY Poly,4662212,18,Jeff Albright,Jeff,Albright,Sr.,P,,,,,,,9,9,https://stats.ncaa.org/players/4662212
2015,2014-15,MBA,3,III,United East,9500,SUNY Poly,4662213,1,John Amon,John,Amon,Sr.,INF,,,,,,,2,0,https://stats.ncaa.org/players/4662213
2015,2014-15,MBA,3,III,United East,9500,SUNY Poly,4662214,6,Lyle Beane,Lyle,Beane,Sr.,P,,,,,,,5,0,https://stats.ncaa.org/players/4662214
2015,2014-15,MBA,3,III,United East,9500,SUNY Poly,4662215,23,Joseph O'Rourke,Joseph,O'Rourke,Sr.,OF,,,,,,,32,32,https://stats.ncaa.org/players/4662215
2015,2014-15,MBA,3,III,United East,9500,SUNY Poly,4705131,11,Alex Helenek,Alex,Helenek,Jr.,P,,,,,,,8,2,https://stats.ncaa.org/players/4705131
2015,2014-15,MBA,3,III,United East,9500,SUNY Poly,4705132,17,Dylan Jones,Dylan,Jones,Jr.,INF,,,,,,,7,0,https://stats.ncaa.org/players/4705132
2015,2014-15,MBA,3,III,United East,9500,SUNY Poly,4705133,22,Tom Urbanski,Tom,Urbanski,Jr.,P,,,,,,,3,0,https://stats.ncaa.org/players/4705133
2015,2014-15,MBA,3,III,United East,9500,SUNY Poly,4705134,27,Matt Fippinger,Matt,Fippinger,Fr.,C,,,,,,,0,0,https://stats.ncaa.org/players/4705134
2015,2014-15,MBA,3,III,United East,9500,SUNY Poly,4705135,33,Timothy Peterson,Timothy,Peterson,Fr.,P,,,,,,,3,0,https://stats.ncaa.org/players/4705135
2015,2014-15,MBA,3,III,United East,9500,SUNY Poly,4724355,15,A. Ragosta,A.,Ragosta,---,C,,,,,,,12,9,https://stats.ncaa.org/players/4724355
2015,2014-15,MBA,3,III,United East,9500,SUNY Poly,4784029,8,Duke Schneider,Duke,Schneider,Jr.,P,,,,,,,10,1,https://stats.ncaa.org/players/4784029
2015,2014-15,MBA,3,III,United East,9500,SUNY Poly,4774140,13,Cody Crego,Cody,Crego,Sr.,P,,,,,,,3,1,https://stats.ncaa.org/players/4774140
2015,2014-15,MBA,3,III,United East,9500,SUNY Poly,4749833,14,Maykell Guzman,Maykell,Guzman,Fr.,INF,,,,,,,23,6,https://stats.ncaa.org/players/4749833
2015,2014-15,MBA,3,III,United East,9500,SUNY Poly,4737613,28,John Obremski,John,Obremski,Fr.,P,,,,,,,5,0,https://stats.ncaa.org/players/4737613
2015,2014-15,MBA,3,III,United East,9500,SUNY Poly,4737614,36,Andrew Scharra,Andrew,Scharra,Fr.,P,,,,,,,21,1,https://stats.ncaa.org/players/4737614
2015,2014-15,MBA,3,III,United East,9500,SUNY Poly,4722198,35,Joshua Rodriguez,Joshua,Rodriguez,Fr.,SS,,,,,,,32,29,https://stats.ncaa.org/players/4722198
2015,2014-15,MBA,3,III,United East,9500,SUNY Poly,4782841,16,Connor Passalacqua,Connor,Passalacqua,Jr.,OF,,,,,,,25,24,https://stats.ncaa.org/players/4782841
2015,2014-15,MBA,3,III,United East,9500,SUNY Poly,4782843,5,Ryan Wegner,Ryan,Wegner,Jr.,INF,,,,,,,6,6,https://stats.ncaa.org/players/4782843
2015,2014-15,MBA,3,III,United East,9500,SUNY Poly,4774135,2,Raymond Smith,Raymond,Smith,So.,OF,,,,,,,32,32,https://stats.ncaa.org/players/4774135
2015,2014-15,MBA,3,III,United East,9500,SUNY Poly,4774136,7,Dante Rose,Dante,Rose,So.,INF,,,,,,,28,27,https://stats.ncaa.org/players/4774136
2015,2014-15,MBA,3,III,United East,9500,SUNY Poly,4774137,9,Sawyer Haney,Sawyer,Haney,So.,P,,,,,,,8,6,https://stats.ncaa.org/players/4774137
2015,2014-15,MBA,3,III,United East,9500,SUNY Poly,4774138,10,Dylan Gorski,Dylan,Gorski,Sr.,C,,,,,,,24,19,https://stats.ncaa.org/players/4774138
2015,2014-15,MBA,3,III,United East,9500,SUNY Poly,4774139,12,Christopher Nicotera,Christopher,Nicotera,So.,INF,,,,,,,15,4,https://stats.ncaa.org/players/4774139
2015,2014-15,MBA,3,III,United East,9500,SUNY Poly,4774144,21,Joseph Cascella,Joseph,Cascella,So.,INF,,,,,,,12,2,https://stats.ncaa.org/players/4774144
2015,2014-15,MBA,3,III,United East,9500,SUNY Poly,4774141,34,Tyler Vyce,Tyler,Vyce,So.,INF,,,,,,,28,26,https://stats.ncaa.org/players/4774141
2015,2014-15,MBA,3,III,United East,9500,SUNY Poly,4774142,20,Joseph Redmond,Joseph,Redmond,Sr.,P,,,,,,,14,9,https://stats.ncaa.org/players/4774142
2015,2014-15,MBA,3,III,United East,9500,SUNY Poly,4774143,25,Gerald Milanes,Gerald,Milanes,Sr.,INF,,,,,,,29,27,https://stats.ncaa.org/players/4774143
2015,2014-15,MBA,3,III,United East,9500,SUNY Poly,4774145,28,Matthew Teabo,Matthew,Teabo,So.,P,,,,,,,2,0,https://stats.ncaa.org/players/4774145
2015,2014-15,MBA,3,III,United East,9500,SUNY Poly,4775281,32,Dominick Galimo,Dominick,Galimo,Sr.,OF,,,,,,,18,10,https://stats.ncaa.org/players/4775281
2015,2014-15,MBA,3,III,United East,9500,SUNY Poly,4763608,30,Shawn Strong,Shawn,Strong,Jr.,INF,,,,,,,4,2,https://stats.ncaa.org/players/4763608
2015,2014-15,MBA,3,III,United East,9500,SUNY Poly,4766198,19,Ryan Kelly,Ryan,Kelly,Fr.,INF,,,,,,,27,25,https://stats.ncaa.org/players/4766198
2015,2014-15,MBA,3,III,United East,9500,SUNY Poly,4775279,29,Paul Wozniak,Paul,Wozniak,Jr.,P,,,,,,,3,0,https://stats.ncaa.org/players/4775279
2015,2014-15,MBA,3,III,United East,9500,SUNY Poly,4775280,3,Joe Mann,Joe,Mann,So.,OF,,,,,,,10,0,https://stats.ncaa.org/players/4775280
