season,season_name,sport_id,ncaa_division,ncaa_division_formatted,team_conference_name,school_id,school_name,player_id,player_jersey_num,player_full_name,player_first_name,player_last_name,player_class,player_positions,player_height_string,player_weight,player_batting_hand,player_throwing_hand,player_hometown,player_high_school,player_G,player_GS,player_url
2014,2013-14,MBA,2,II,NSIC,8736,Southwest Minn. St.,4428679,17,Chris Halbur,Chris,Halbur,Fr.,P,,,,,,,0,0,https://stats.ncaa.org/players/4428679
2014,2013-14,MBA,2,II,NSIC,8736,Southwest Minn. St.,4422881,11,Derek Branson,Derek,Branson,Fr.,3B,,,,,,,16,3,https://stats.ncaa.org/players/4422881
2014,2013-14,MBA,2,II,NSIC,8736,Southwest Minn. St.,4422882,30,Jimmy Callahan,Jimmy,Callahan,Fr.,P,,,,,,,10,9,https://stats.ncaa.org/players/4422882
2014,2013-14,MBA,2,II,NSIC,8736,Southwest Minn. St.,4422883,8,Tanner Luebke,Tanner,Luebke,Fr.,OF,,,,,,,2,0,https://stats.ncaa.org/players/4422883
2014,2013-14,MBA,2,II,NSIC,8736,Southwest Minn. St.,4422884,36,Brandon Hellmann,Brandon,Hellmann,Jr.,P,,,,,,,6,0,https://stats.ncaa.org/players/4422884
2014,2013-14,MBA,2,II,NSIC,8736,Southwest Minn. St.,4422885,5,Sutton Masat,Sutton,Masat,Fr.,C,,,,,,,0,0,https://stats.ncaa.org/players/4422885
2014,2013-14,MBA,2,II,NSIC,8736,Southwest Minn. St.,4422886,14,Brandyn Olsen,Brandyn,Olsen,Fr.,P,,,,,,,9,1,https://stats.ncaa.org/players/4422886
2014,2013-14,MBA,2,II,NSIC,8736,Southwest Minn. St.,4422887,13,Derek Schlangen,Derek,Schlangen,Fr.,P,,,,,,,0,0,https://stats.ncaa.org/players/4422887
2014,2013-14,MBA,2,II,NSIC,8736,Southwest Minn. St.,4422888,19,Austin Stubbs,Austin,Stubbs,Jr.,1B,,,,,,,49,48,https://stats.ncaa.org/players/4422888
2014,2013-14,MBA,2,II,NSIC,8736,Southwest Minn. St.,4422889,6,Cole VanderBeek,Cole,VanderBeek,Fr.,2B,,,,,,,0,0,https://stats.ncaa.org/players/4422889
2014,2013-14,MBA,2,II,NSIC,8736,Southwest Minn. St.,4422890,20,Hayden Willner,Hayden,Willner,Fr.,P,,,,,,,8,0,https://stats.ncaa.org/players/4422890
2014,2013-14,MBA,2,II,NSIC,8736,Southwest Minn. St.,4422891,28,Mitch Wurm,Mitch,Wurm,Jr.,P,,,,,,,10,9,https://stats.ncaa.org/players/4422891
2014,2013-14,MBA,2,II,NSIC,8736,Southwest Minn. St.,4484894,26,Brandan Alfson,Brandan,Alfson,Jr.,P,,,,,,,42,38,https://stats.ncaa.org/players/4484894
2014,2013-14,MBA,2,II,NSIC,8736,Southwest Minn. St.,4484895,29,Jon Ellis,Jon,Ellis,Jr.,OF,,,,,,,48,47,https://stats.ncaa.org/players/4484895
2014,2013-14,MBA,2,II,NSIC,8736,Southwest Minn. St.,4484896,1,Ryan Engels,Ryan,Engels,Jr.,2B,,,,,,,38,37,https://stats.ncaa.org/players/4484896
2014,2013-14,MBA,2,II,NSIC,8736,Southwest Minn. St.,4484897,37,Eric Giddings,Eric,Giddings,Jr.,P,,,,,,,4,0,https://stats.ncaa.org/players/4484897
2014,2013-14,MBA,2,II,NSIC,8736,Southwest Minn. St.,4484898,4,Tanner Neale,Tanner,Neale,Jr.,C,,,,,,,37,32,https://stats.ncaa.org/players/4484898
2014,2013-14,MBA,2,II,NSIC,8736,Southwest Minn. St.,4484899,10,Colton Smit,Colton,Smit,Jr.,P,,,,,,,0,0,https://stats.ncaa.org/players/4484899
2014,2013-14,MBA,2,II,NSIC,8736,Southwest Minn. St.,4482091,2,Ben Korger,Ben,Korger,Sr.,SS,,,,,,,48,47,https://stats.ncaa.org/players/4482091
2014,2013-14,MBA,2,II,NSIC,8736,Southwest Minn. St.,4482092,16,Jordan Kontz,Jordan,Kontz,Sr.,INF,,,,,,,49,48,https://stats.ncaa.org/players/4482092
2014,2013-14,MBA,2,II,NSIC,8736,Southwest Minn. St.,4482094,25,Steven Wehr,Steven,Wehr,Sr.,P,,,,,,,14,11,https://stats.ncaa.org/players/4482094
2014,2013-14,MBA,2,II,NSIC,8736,Southwest Minn. St.,4466473,21,Patrick Rients,Patrick,Rients,Sr.,INF,,,,,,,50,49,https://stats.ncaa.org/players/4466473
2014,2013-14,MBA,2,II,NSIC,8736,Southwest Minn. St.,4466474,7,Mason Schnaible,Mason,Schnaible,So.,INF,,,,,,,15,8,https://stats.ncaa.org/players/4466474
2014,2013-14,MBA,2,II,NSIC,8736,Southwest Minn. St.,4466475,23,Elliott Serbus,Elliott,Serbus,Sr.,OF,,,,,,,11,5,https://stats.ncaa.org/players/4466475
2014,2013-14,MBA,2,II,NSIC,8736,Southwest Minn. St.,4466476,32,Danny Thering,Danny,Thering,So.,P,,,,,,,8,0,https://stats.ncaa.org/players/4466476
2014,2013-14,MBA,2,II,NSIC,8736,Southwest Minn. St.,4466477,27,Nick Tillo,Nick,Tillo,Sr.,OF,,,,,,,0,0,https://stats.ncaa.org/players/4466477
2014,2013-14,MBA,2,II,NSIC,8736,Southwest Minn. St.,4465357,15,Joe Axelson,Joe,Axelson,Jr.,P,,,,,,,12,10,https://stats.ncaa.org/players/4465357
2014,2013-14,MBA,2,II,NSIC,8736,Southwest Minn. St.,4465359,38,Maris Blanchard,Maris,Blanchard,So.,P,,,,,,,0,0,https://stats.ncaa.org/players/4465359
2014,2013-14,MBA,2,II,NSIC,8736,Southwest Minn. St.,4465360,12,Jarred Carlson,Jarred,Carlson,Jr.,INF,,,,,,,28,22,https://stats.ncaa.org/players/4465360
2014,2013-14,MBA,2,II,NSIC,8736,Southwest Minn. St.,4465362,9,Ryan Ecalbarger,Ryan,Ecalbarger,Sr.,P,,,,,,,14,0,https://stats.ncaa.org/players/4465362
2014,2013-14,MBA,2,II,NSIC,8736,Southwest Minn. St.,4465363,3,Sam Haas,Sam,Haas,So.,OF,,,,,,,48,48,https://stats.ncaa.org/players/4465363
2014,2013-14,MBA,2,II,NSIC,8736,Southwest Minn. St.,4465364,24,Josh Hanson,Josh,Hanson,Sr.,INF,,,,,,,15,7,https://stats.ncaa.org/players/4465364
2014,2013-14,MBA,2,II,NSIC,8736,Southwest Minn. St.,4465365,31,Taylor Klingengberg,Taylor,Klingengberg,So.,P,,,,,,,0,0,https://stats.ncaa.org/players/4465365
2014,2013-14,MBA,2,II,NSIC,8736,Southwest Minn. St.,4465366,34,Travis McGlauflin,Travis,McGlauflin,So.,P,,,,,,,11,6,https://stats.ncaa.org/players/4465366
2014,2013-14,MBA,2,II,NSIC,8736,Southwest Minn. St.,4465367,22,Jason Minett,Jason,Minett,So.,OF,,,,,,,25,14,https://stats.ncaa.org/players/4465367
