season,season_name,sport_id,ncaa_division,ncaa_division_formatted,team_conference_name,school_id,school_name,player_id,player_jersey_num,player_full_name,player_first_name,player_last_name,player_class,player_positions,player_height_string,player_weight,player_batting_hand,player_throwing_hand,player_hometown,player_high_school,player_G,player_GS,player_url
2014,2013-14,MBA,3,III,NWC,2751,Pacific (OR),4441150,34, Yamamoto,,Yamamoto,---,LF,,,,,,,19,8,https://stats.ncaa.org/players/4441150
2014,2013-14,MBA,3,III,NWC,2751,Pacific (OR),4491640,9,Jason Sawyer,Jason,Sawyer,Sr.,P,,,,,,,0,0,https://stats.ncaa.org/players/4491640
2014,2013-14,MBA,3,III,NWC,2751,Pacific (OR),4491641,18,Quin Moore,Quin,Moore,Sr.,P,,,,,,,11,0,https://stats.ncaa.org/players/4491641
2014,2013-14,MBA,3,III,NWC,2751,Pacific (OR),4491646,7,Therone Bridges,Therone,Bridges,Sr.,OF,,,,,,,7,2,https://stats.ncaa.org/players/4491646
2014,2013-14,MBA,3,III,NWC,2751,Pacific (OR),4491647,6,Grant Gabriel,Grant,Gabriel,Sr.,OF,,,,,,,11,4,https://stats.ncaa.org/players/4491647
2014,2013-14,MBA,3,III,NWC,2751,Pacific (OR),4490182,6,Charlie Gaff,Charlie,Gaff,So.,OF,,,,,,,0,0,https://stats.ncaa.org/players/4490182
2014,2013-14,MBA,3,III,NWC,2751,Pacific (OR),4490183,25,Nick Garrett,Nick,Garrett,So.,C,,,,,,,31,25,https://stats.ncaa.org/players/4490183
2014,2013-14,MBA,3,III,NWC,2751,Pacific (OR),4490184,15,Ben Duerr,Ben,Duerr,So.,OF,,,,,,,36,36,https://stats.ncaa.org/players/4490184
2014,2013-14,MBA,3,III,NWC,2751,Pacific (OR),4490185,23,Justin Strayer,Justin,Strayer,So.,OF,,,,,,,32,24,https://stats.ncaa.org/players/4490185
2014,2013-14,MBA,3,III,NWC,2751,Pacific (OR),4490186,8,Kevin Bettencourt,Kevin,Bettencourt,So.,C,,,,,,,0,0,https://stats.ncaa.org/players/4490186
2014,2013-14,MBA,3,III,NWC,2751,Pacific (OR),4490187,14,Walker Olis,Walker,Olis,So.,OF,,,,,,,38,37,https://stats.ncaa.org/players/4490187
2014,2013-14,MBA,3,III,NWC,2751,Pacific (OR),4490188,8,Danny Yazzolino,Danny,Yazzolino,So.,C,,,,,,,13,6,https://stats.ncaa.org/players/4490188
2014,2013-14,MBA,3,III,NWC,2751,Pacific (OR),4490189,19,Mike Thomson,Mike,Thomson,So.,C,,,,,,,16,7,https://stats.ncaa.org/players/4490189
2014,2013-14,MBA,3,III,NWC,2751,Pacific (OR),4490190,28,Nick Morton,Nick,Morton,So.,P,,,,,,,0,0,https://stats.ncaa.org/players/4490190
2014,2013-14,MBA,3,III,NWC,2751,Pacific (OR),4490191,31,Dan Jaffe,Dan,Jaffe,Sr.,C,,,,,,,29,24,https://stats.ncaa.org/players/4490191
2014,2013-14,MBA,3,III,NWC,2751,Pacific (OR),4490192,17,Jimmy Brakebush,Jimmy,Brakebush,So.,P,,,,,,,21,19,https://stats.ncaa.org/players/4490192
2014,2013-14,MBA,3,III,NWC,2751,Pacific (OR),4471282,33,Chris Giminez,Chris,Giminez,So.,P,,,,,,,0,0,https://stats.ncaa.org/players/4471282
2014,2013-14,MBA,3,III,NWC,2751,Pacific (OR),4471283,37,Craig Nesselhuf,Craig,Nesselhuf,So.,INF,,,,,,,0,0,https://stats.ncaa.org/players/4471283
2014,2013-14,MBA,3,III,NWC,2751,Pacific (OR),4475715,10,Anthony Hinkson,Anthony,Hinkson,---,PH/RF,,,,,,,8,2,https://stats.ncaa.org/players/4475715
2014,2013-14,MBA,3,III,NWC,2751,Pacific (OR),4489515,4,Donnie Bradley,Donnie,Bradley,Jr.,INF,,,,,,,38,36,https://stats.ncaa.org/players/4489515
2014,2013-14,MBA,3,III,NWC,2751,Pacific (OR),4489516,12,Grant Rogers,Grant,Rogers,Jr.,INF,,,,,,,14,5,https://stats.ncaa.org/players/4489516
2014,2013-14,MBA,3,III,NWC,2751,Pacific (OR),4489517,11,Tyler Kotchik,Tyler,Kotchik,Jr.,P,,,,,,,11,7,https://stats.ncaa.org/players/4489517
2014,2013-14,MBA,3,III,NWC,2751,Pacific (OR),4489518,21,Colin McCusker,Colin,McCusker,Jr.,OF,,,,,,,22,16,https://stats.ncaa.org/players/4489518
2014,2013-14,MBA,3,III,NWC,2751,Pacific (OR),4489519,23,Tyler Grant,Tyler,Grant,Jr.,INF,,,,,,,0,0,https://stats.ncaa.org/players/4489519
2014,2013-14,MBA,3,III,NWC,2751,Pacific (OR),4489520,25,Brad Williams,Brad,Williams,Jr.,OF,,,,,,,0,0,https://stats.ncaa.org/players/4489520
2014,2013-14,MBA,3,III,NWC,2751,Pacific (OR),4489521,32,Kyle Treadway,Kyle,Treadway,Jr.,INF,,,,,,,29,26,https://stats.ncaa.org/players/4489521
2014,2013-14,MBA,3,III,NWC,2751,Pacific (OR),4489522,29,Austin Gallagher,Austin,Gallagher,Jr.,INF,,,,,,,31,16,https://stats.ncaa.org/players/4489522
2014,2013-14,MBA,3,III,NWC,2751,Pacific (OR),4480689,5,Nathan Suyematsu,Nathan,Suyematsu,So.,INF,,,,,,,37,36,https://stats.ncaa.org/players/4480689
2014,2013-14,MBA,3,III,NWC,2751,Pacific (OR),4488089,13,Levi Peterson,Levi,Peterson,Sr.,P,,,,,,,14,1,https://stats.ncaa.org/players/4488089
2014,2013-14,MBA,3,III,NWC,2751,Pacific (OR),4459159,2,Matt Hopp,Matt,Hopp,---,2B,,,,,,,22,13,https://stats.ncaa.org/players/4459159
2014,2013-14,MBA,3,III,NWC,2751,Pacific (OR),4464197,35,Nate Montgomery,Nate,Montgomery,So.,P,,,,,,,4,3,https://stats.ncaa.org/players/4464197
2014,2013-14,MBA,3,III,NWC,2751,Pacific (OR),4458398,3,J.T. Francies,J.T.,Francies,So.,P,,,,,,,11,2,https://stats.ncaa.org/players/4458398
2014,2013-14,MBA,3,III,NWC,2751,Pacific (OR),4457267,27,Ryan Sohn,Ryan,Sohn,So.,INF,,,,,,,16,6,https://stats.ncaa.org/players/4457267
2014,2013-14,MBA,3,III,NWC,2751,Pacific (OR),4457268,16,Fernando Careaga,Fernando,Careaga,So.,OF,,,,,,,14,7,https://stats.ncaa.org/players/4457268
2014,2013-14,MBA,3,III,NWC,2751,Pacific (OR),4455950,24,Topher Mood,Topher,Mood,Sr.,P,,,,,,,14,1,https://stats.ncaa.org/players/4455950
2014,2013-14,MBA,3,III,NWC,2751,Pacific (OR),4455970,13,Connor Thompson,Connor,Thompson,So.,P,,,,,,,0,0,https://stats.ncaa.org/players/4455970
2014,2013-14,MBA,3,III,NWC,2751,Pacific (OR),4499896,26,TC Fairfield,TC,Fairfield,---,P,,,,,,,3,0,https://stats.ncaa.org/players/4499896
2014,2013-14,MBA,3,III,NWC,2751,Pacific (OR),4497112,33,Josh Keithly,Josh,Keithly,---,1B,,,,,,,11,2,https://stats.ncaa.org/players/4497112
